{
  "1a-0-basic" : {"points":0.5, "question_id":"1a", "is_written":false, "is_coding":true, "is_online":false, "is_extra_credit":false},

  "1a-1-basic" : {"points":0.5, "question_id":"1a", "is_written":false, "is_coding":true, "is_online":false, "is_extra_credit":false},

  "1a-2-hidden" : {"points":1, "question_id":"1a", "is_written":false, "is_coding":true, "is_online":false, "is_extra_credit":false},

  "1a-3-hidden" : {"points":2, "question_id":"1a", "is_written":false, "is_coding":true, "is_online":false, "is_extra_credit":false},

  "1b-0-basic" : {"points":2, "question_id":"1b", "is_written":false, "is_coding":true, "is_online":false, "is_extra_credit":false},

  "1b-1-basic" : {"points":3, "question_id":"1b", "is_written":false, "is_coding":true, "is_online":false, "is_extra_credit":false},

  "1b-2-hidden" : {"points":5, "question_id":"1b", "is_written":false, "is_coding":true, "is_online":false, "is_extra_credit":false},

  "1b-3-hidden" : {"points":6, "question_id":"1b", "is_written":false, "is_coding":true, "is_online":false, "is_extra_credit":false},

  "1c-0-basic" : {"points":2, "question_id":"1c", "is_written":false, "is_coding":true, "is_online":false, "is_extra_credit":false},

  "1c-1-hidden" : {"points":3, "question_id":"1c", "is_written":false, "is_coding":true, "is_online":false, "is_extra_credit":false},

  "1d-0-basic" : {"points":1, "question_id":"1d", "is_written":false, "is_coding":true, "is_online":false, "is_extra_credit":false},

  "1d-1-basic" : {"points":1, "question_id":"1d", "is_written":false, "is_coding":true, "is_online":false, "is_extra_credit":false},

  "1d-2-hidden" : {"points":4, "question_id":"1d", "is_written":false, "is_coding":true, "is_online":false, "is_extra_credit":false},

  "1d-3-hidden" : {"points":4, "question_id":"1d", "is_written":false, "is_coding":true, "is_online":false, "is_extra_credit":false},

  "2a-0-basic" : {"points":1, "question_id":"2a", "is_written":false, "is_coding":true, "is_online":false, "is_extra_credit":false},

  "2b-0-basic" : {"points":1, "question_id":"2b", "is_written":false, "is_coding":true, "is_online":false, "is_extra_credit":false},

  "2b-1-hidden" : {"points":1, "question_id":"2b", "is_written":false, "is_coding":true, "is_online":false, "is_extra_credit":false},

  "2b-2-hidden" : {"points":1, "question_id":"2b", "is_written":false, "is_coding":true, "is_online":false, "is_extra_credit":false},

  "2b-3-basic" : {"points":1, "question_id":"2b", "is_written":false, "is_coding":true, "is_online":false, "is_extra_credit":false},

  "2b-4-hidden" : {"points":1, "question_id":"2b", "is_written":false, "is_coding":true, "is_online":false, "is_extra_credit":false},

  "2b-5-basic" : {"points":1, "question_id":"2b", "is_written":false, "is_coding":true, "is_online":false, "is_extra_credit":false},

  "2b-6-hidden" : {"points":1, "question_id":"2b", "is_written":false, "is_coding":true, "is_online":false, "is_extra_credit":false},

  "2ci" : {"points":3, "question_id":"2ci", "is_written":true, "is_coding":false, "is_online":false, "is_extra_credit":false},

  "2cii" : {"points":2, "question_id":"2cii", "is_written":true, "is_coding":false, "is_online":false, "is_extra_credit":false},

  "2ciii" : {"points":2, "question_id":"2ciii", "is_written":true, "is_coding":false, "is_online":false, "is_extra_credit":false},

  "2civ" : {"points":4, "question_id":"2civ", "is_written":true, "is_coding":false, "is_online":false, "is_extra_credit":false},

  "2cv" : {"points":4, "question_id":"2cv", "is_written":true, "is_coding":false, "is_online":false, "is_extra_credit":false},

  "2cvi" : {"points":4, "question_id":"2cvi", "is_written":true, "is_coding":false, "is_online":false, "is_extra_credit":false},

  "2d" : {"points":4, "question_id":"2d", "is_written":true, "is_coding":false, "is_online":false, "is_extra_credit":false},

  "2e" : {"points":4, "question_id":"2e", "is_written":true, "is_coding":false, "is_online":false, "is_extra_credit":false}
}